[
    {
        "fields": {
            "name": "basic",
            "slug": "basic"
        },
        "model": "magic.supertype",
        "pk": 1
    },
    {
        "fields": {
            "name": "legendary",
            "slug": "legendary"
        },
        "model": "magic.supertype",
        "pk": 2
    },
    {
        "fields": {
            "name": "ongoing",
            "slug": "ongoing"
        },
        "model": "magic.supertype",
        "pk": 3
    },
    {
        "fields": {
            "name": "snow",
            "slug": "snow"
        },
        "model": "magic.supertype",
        "pk": 4
    },
    {
        "fields": {
            "name": "world",
            "slug": "world"
        },
        "model": "magic.supertype",
        "pk": 5
    },
    {
        "fields": {
            "name": "artifact",
            "slug": "artifact"
        },
        "model": "magic.cardtype",
        "pk": 1
    },
    {
        "fields": {
            "name": "creature",
            "slug": "creature"
        },
        "model": "magic.cardtype",
        "pk": 2
    },
    {
        "fields": {
            "name": "enchantment",
            "slug": "enchantment"
        },
        "model": "magic.cardtype",
        "pk": 3
    },
    {
        "fields": {
            "name": "instant",
            "slug": "instant"
        },
        "model": "magic.cardtype",
        "pk": 4
    },
    {
        "fields": {
            "name": "land",
            "slug": "land"
        },
        "model": "magic.cardtype",
        "pk": 5
    },
    {
        "fields": {
            "name": "plane",
            "slug": "plane"
        },
        "model": "magic.cardtype",
        "pk": 6
    },
    {
        "fields": {
            "name": "planeswalker",
            "slug": "planeswalker"
        },
        "model": "magic.cardtype",
        "pk": 7
    },
    {
        "fields": {
            "name": "scheme",
            "slug": "scheme"
        },
        "model": "magic.cardtype",
        "pk": 8
    },
    {
        "fields": {
            "name": "sorcery",
            "slug": "sorcery"
        },
        "model": "magic.cardtype",
        "pk": 9
    },
    {
        "fields": {
            "name": "tribal",
            "slug": "tribal"
        },
        "model": "magic.cardtype",
        "pk": 10
    },
    {
        "fields": {
            "name": "vanguard",
            "slug": "vanguard"
        },
        "model": "magic.cardtype",
        "pk": 11
    },
    {
        "fields": {
            "name": "advisor",
            "slug": "advisor"
        },
        "model": "magic.subtype",
        "pk": 1
    },
    {
        "fields": {
            "name": "ajani",
            "slug": "ajani"
        },
        "model": "magic.subtype",
        "pk": 2
    },
    {
        "fields": {
            "name": "alara",
            "slug": "alara"
        },
        "model": "magic.subtype",
        "pk": 3
    },
    {
        "fields": {
            "name": "ally",
            "slug": "ally"
        },
        "model": "magic.subtype",
        "pk": 4
    },
    {
        "fields": {
            "name": "angel",
            "slug": "angel"
        },
        "model": "magic.subtype",
        "pk": 5
    },
    {
        "fields": {
            "name": "anteater",
            "slug": "anteater"
        },
        "model": "magic.subtype",
        "pk": 6
    },
    {
        "fields": {
            "name": "antelope",
            "slug": "antelope"
        },
        "model": "magic.subtype",
        "pk": 7
    },
    {
        "fields": {
            "name": "ape",
            "slug": "ape"
        },
        "model": "magic.subtype",
        "pk": 8
    },
    {
        "fields": {
            "name": "arcance",
            "slug": "arcance"
        },
        "model": "magic.subtype",
        "pk": 9
    },
    {
        "fields": {
            "name": "archer",
            "slug": "archer"
        },
        "model": "magic.subtype",
        "pk": 10
    },
    {
        "fields": {
            "name": "archon",
            "slug": "archon"
        },
        "model": "magic.subtype",
        "pk": 11
    },
    {
        "fields": {
            "name": "arkhos",
            "slug": "arkhos"
        },
        "model": "magic.subtype",
        "pk": 12
    },
    {
        "fields": {
            "name": "artificer",
            "slug": "artificer"
        },
        "model": "magic.subtype",
        "pk": 13
    },
    {
        "fields": {
            "name": "assassin",
            "slug": "assassin"
        },
        "model": "magic.subtype",
        "pk": 14
    },
    {
        "fields": {
            "name": "assembly-worker",
            "slug": "assembly-worker"
        },
        "model": "magic.subtype",
        "pk": 15
    },
    {
        "fields": {
            "name": "atog",
            "slug": "atog"
        },
        "model": "magic.subtype",
        "pk": 16
    },
    {
        "fields": {
            "name": "aura",
            "slug": "aura"
        },
        "model": "magic.subtype",
        "pk": 17
    },
    {
        "fields": {
            "name": "aurochs",
            "slug": "aurochs"
        },
        "model": "magic.subtype",
        "pk": 18
    },
    {
        "fields": {
            "name": "avatar",
            "slug": "avatar"
        },
        "model": "magic.subtype",
        "pk": 19
    },
    {
        "fields": {
            "name": "badger",
            "slug": "badger"
        },
        "model": "magic.subtype",
        "pk": 20
    },
    {
        "fields": {
            "name": "barbarian",
            "slug": "barbarian"
        },
        "model": "magic.subtype",
        "pk": 21
    },
    {
        "fields": {
            "name": "basilisk",
            "slug": "basilisk"
        },
        "model": "magic.subtype",
        "pk": 22
    },
    {
        "fields": {
            "name": "bat",
            "slug": "bat"
        },
        "model": "magic.subtype",
        "pk": 23
    },
    {
        "fields": {
            "name": "bear",
            "slug": "bear"
        },
        "model": "magic.subtype",
        "pk": 24
    },
    {
        "fields": {
            "name": "beast",
            "slug": "beast"
        },
        "model": "magic.subtype",
        "pk": 25
    },
    {
        "fields": {
            "name": "beeble",
            "slug": "beeble"
        },
        "model": "magic.subtype",
        "pk": 26
    },
    {
        "fields": {
            "name": "berserker",
            "slug": "berserker"
        },
        "model": "magic.subtype",
        "pk": 27
    },
    {
        "fields": {
            "name": "bird",
            "slug": "bird"
        },
        "model": "magic.subtype",
        "pk": 28
    },
    {
        "fields": {
            "name": "blinkmoth",
            "slug": "blinkmoth"
        },
        "model": "magic.subtype",
        "pk": 29
    },
    {
        "fields": {
            "name": "boar",
            "slug": "boar"
        },
        "model": "magic.subtype",
        "pk": 30
    },
    {
        "fields": {
            "name": "bolas",
            "slug": "bolas"
        },
        "model": "magic.subtype",
        "pk": 31
    },
    {
        "fields": {
            "name": "bolas's meditation realm",
            "slug": "bolass-meditation-realm"
        },
        "model": "magic.subtype",
        "pk": 32
    },
    {
        "fields": {
            "name": "bringer",
            "slug": "bringer"
        },
        "model": "magic.subtype",
        "pk": 33
    },
    {
        "fields": {
            "name": "brushwagg",
            "slug": "brushwagg"
        },
        "model": "magic.subtype",
        "pk": 34
    },
    {
        "fields": {
            "name": "camarid",
            "slug": "camarid"
        },
        "model": "magic.subtype",
        "pk": 35
    },
    {
        "fields": {
            "name": "camel",
            "slug": "camel"
        },
        "model": "magic.subtype",
        "pk": 36
    },
    {
        "fields": {
            "name": "caribou",
            "slug": "caribou"
        },
        "model": "magic.subtype",
        "pk": 37
    },
    {
        "fields": {
            "name": "carrier",
            "slug": "carrier"
        },
        "model": "magic.subtype",
        "pk": 38
    },
    {
        "fields": {
            "name": "cat",
            "slug": "cat"
        },
        "model": "magic.subtype",
        "pk": 39
    },
    {
        "fields": {
            "name": "centaur",
            "slug": "centaur"
        },
        "model": "magic.subtype",
        "pk": 40
    },
    {
        "fields": {
            "name": "cephalid",
            "slug": "cephalid"
        },
        "model": "magic.subtype",
        "pk": 41
    },
    {
        "fields": {
            "name": "chandra",
            "slug": "chandra"
        },
        "model": "magic.subtype",
        "pk": 42
    },
    {
        "fields": {
            "name": "chimera",
            "slug": "chimera"
        },
        "model": "magic.subtype",
        "pk": 43
    },
    {
        "fields": {
            "name": "citizen",
            "slug": "citizen"
        },
        "model": "magic.subtype",
        "pk": 44
    },
    {
        "fields": {
            "name": "cleric",
            "slug": "cleric"
        },
        "model": "magic.subtype",
        "pk": 45
    },
    {
        "fields": {
            "name": "cockatrice",
            "slug": "cockatrice"
        },
        "model": "magic.subtype",
        "pk": 46
    },
    {
        "fields": {
            "name": "construct",
            "slug": "construct"
        },
        "model": "magic.subtype",
        "pk": 47
    },
    {
        "fields": {
            "name": "contraption",
            "slug": "contraption"
        },
        "model": "magic.subtype",
        "pk": 48
    },
    {
        "fields": {
            "name": "coward",
            "slug": "coward"
        },
        "model": "magic.subtype",
        "pk": 49
    },
    {
        "fields": {
            "name": "crab",
            "slug": "crab"
        },
        "model": "magic.subtype",
        "pk": 50
    },
    {
        "fields": {
            "name": "crocodile",
            "slug": "crocodile"
        },
        "model": "magic.subtype",
        "pk": 51
    },
    {
        "fields": {
            "name": "cyclops",
            "slug": "cyclops"
        },
        "model": "magic.subtype",
        "pk": 52
    },
    {
        "fields": {
            "name": "dauthi",
            "slug": "dauthi"
        },
        "model": "magic.subtype",
        "pk": 53
    },
    {
        "fields": {
            "name": "demon",
            "slug": "demon"
        },
        "model": "magic.subtype",
        "pk": 54
    },
    {
        "fields": {
            "name": "desert",
            "slug": "desert"
        },
        "model": "magic.subtype",
        "pk": 55
    },
    {
        "fields": {
            "name": "deserter",
            "slug": "deserter"
        },
        "model": "magic.subtype",
        "pk": 56
    },
    {
        "fields": {
            "name": "devil",
            "slug": "devil"
        },
        "model": "magic.subtype",
        "pk": 57
    },
    {
        "fields": {
            "name": "djinn",
            "slug": "djinn"
        },
        "model": "magic.subtype",
        "pk": 58
    },
    {
        "fields": {
            "name": "dominaria",
            "slug": "dominaria"
        },
        "model": "magic.subtype",
        "pk": 59
    },
    {
        "fields": {
            "name": "dragon",
            "slug": "dragon"
        },
        "model": "magic.subtype",
        "pk": 60
    },
    {
        "fields": {
            "name": "drake",
            "slug": "drake"
        },
        "model": "magic.subtype",
        "pk": 61
    },
    {
        "fields": {
            "name": "dreadnought",
            "slug": "dreadnought"
        },
        "model": "magic.subtype",
        "pk": 62
    },
    {
        "fields": {
            "name": "drone",
            "slug": "drone"
        },
        "model": "magic.subtype",
        "pk": 63
    },
    {
        "fields": {
            "name": "druid",
            "slug": "druid"
        },
        "model": "magic.subtype",
        "pk": 64
    },
    {
        "fields": {
            "name": "dryad",
            "slug": "dryad"
        },
        "model": "magic.subtype",
        "pk": 65
    },
    {
        "fields": {
            "name": "dwarf",
            "slug": "dwarf"
        },
        "model": "magic.subtype",
        "pk": 66
    },
    {
        "fields": {
            "name": "efreet",
            "slug": "efreet"
        },
        "model": "magic.subtype",
        "pk": 67
    },
    {
        "fields": {
            "name": "elder",
            "slug": "elder"
        },
        "model": "magic.subtype",
        "pk": 68
    },
    {
        "fields": {
            "name": "eldrazi",
            "slug": "eldrazi"
        },
        "model": "magic.subtype",
        "pk": 69
    },
    {
        "fields": {
            "name": "elemental",
            "slug": "elemental"
        },
        "model": "magic.subtype",
        "pk": 70
    },
    {
        "fields": {
            "name": "elephant",
            "slug": "elephant"
        },
        "model": "magic.subtype",
        "pk": 71
    },
    {
        "fields": {
            "name": "elf",
            "slug": "elf"
        },
        "model": "magic.subtype",
        "pk": 72
    },
    {
        "fields": {
            "name": "elk",
            "slug": "elk"
        },
        "model": "magic.subtype",
        "pk": 73
    },
    {
        "fields": {
            "name": "elspeth",
            "slug": "elspeth"
        },
        "model": "magic.subtype",
        "pk": 74
    },
    {
        "fields": {
            "name": "equilor",
            "slug": "equilor"
        },
        "model": "magic.subtype",
        "pk": 75
    },
    {
        "fields": {
            "name": "equipment",
            "slug": "equipment"
        },
        "model": "magic.subtype",
        "pk": 76
    },
    {
        "fields": {
            "name": "eye",
            "slug": "eye"
        },
        "model": "magic.subtype",
        "pk": 77
    },
    {
        "fields": {
            "name": "faerie",
            "slug": "faerie"
        },
        "model": "magic.subtype",
        "pk": 78
    },
    {
        "fields": {
            "name": "ferret",
            "slug": "ferret"
        },
        "model": "magic.subtype",
        "pk": 79
    },
    {
        "fields": {
            "name": "fish",
            "slug": "fish"
        },
        "model": "magic.subtype",
        "pk": 80
    },
    {
        "fields": {
            "name": "flagbearer",
            "slug": "flagbearer"
        },
        "model": "magic.subtype",
        "pk": 81
    },
    {
        "fields": {
            "name": "forest",
            "slug": "forest"
        },
        "model": "magic.subtype",
        "pk": 82
    },
    {
        "fields": {
            "name": "fortification",
            "slug": "fortification"
        },
        "model": "magic.subtype",
        "pk": 83
    },
    {
        "fields": {
            "name": "fox",
            "slug": "fox"
        },
        "model": "magic.subtype",
        "pk": 84
    },
    {
        "fields": {
            "name": "frog",
            "slug": "frog"
        },
        "model": "magic.subtype",
        "pk": 85
    },
    {
        "fields": {
            "name": "fungus",
            "slug": "fungus"
        },
        "model": "magic.subtype",
        "pk": 86
    },
    {
        "fields": {
            "name": "gargoyle",
            "slug": "gargoyle"
        },
        "model": "magic.subtype",
        "pk": 87
    },
    {
        "fields": {
            "name": "garruk",
            "slug": "garruk"
        },
        "model": "magic.subtype",
        "pk": 88
    },
    {
        "fields": {
            "name": "giant",
            "slug": "giant"
        },
        "model": "magic.subtype",
        "pk": 89
    },
    {
        "fields": {
            "name": "gideon",
            "slug": "gideon"
        },
        "model": "magic.subtype",
        "pk": 90
    },
    {
        "fields": {
            "name": "gnome",
            "slug": "gnome"
        },
        "model": "magic.subtype",
        "pk": 91
    },
    {
        "fields": {
            "name": "goat",
            "slug": "goat"
        },
        "model": "magic.subtype",
        "pk": 92
    },
    {
        "fields": {
            "name": "goblin",
            "slug": "goblin"
        },
        "model": "magic.subtype",
        "pk": 93
    },
    {
        "fields": {
            "name": "golem",
            "slug": "golem"
        },
        "model": "magic.subtype",
        "pk": 94
    },
    {
        "fields": {
            "name": "gorgon",
            "slug": "gorgon"
        },
        "model": "magic.subtype",
        "pk": 95
    },
    {
        "fields": {
            "name": "graveborn",
            "slug": "graveborn"
        },
        "model": "magic.subtype",
        "pk": 96
    },
    {
        "fields": {
            "name": "griffin",
            "slug": "griffin"
        },
        "model": "magic.subtype",
        "pk": 97
    },
    {
        "fields": {
            "name": "hag",
            "slug": "hag"
        },
        "model": "magic.subtype",
        "pk": 98
    },
    {
        "fields": {
            "name": "harpy",
            "slug": "harpy"
        },
        "model": "magic.subtype",
        "pk": 99
    },
    {
        "fields": {
            "name": "hellion",
            "slug": "hellion"
        },
        "model": "magic.subtype",
        "pk": 100
    },
    {
        "fields": {
            "name": "hippo",
            "slug": "hippo"
        },
        "model": "magic.subtype",
        "pk": 101
    },
    {
        "fields": {
            "name": "hippogriff",
            "slug": "hippogriff"
        },
        "model": "magic.subtype",
        "pk": 102
    },
    {
        "fields": {
            "name": "homarid",
            "slug": "homarid"
        },
        "model": "magic.subtype",
        "pk": 103
    },
    {
        "fields": {
            "name": "homunculus",
            "slug": "homunculus"
        },
        "model": "magic.subtype",
        "pk": 104
    },
    {
        "fields": {
            "name": "horror",
            "slug": "horror"
        },
        "model": "magic.subtype",
        "pk": 105
    },
    {
        "fields": {
            "name": "horse",
            "slug": "horse"
        },
        "model": "magic.subtype",
        "pk": 106
    },
    {
        "fields": {
            "name": "hound",
            "slug": "hound"
        },
        "model": "magic.subtype",
        "pk": 107
    },
    {
        "fields": {
            "name": "human",
            "slug": "human"
        },
        "model": "magic.subtype",
        "pk": 108
    },
    {
        "fields": {
            "name": "hydra",
            "slug": "hydra"
        },
        "model": "magic.subtype",
        "pk": 109
    },
    {
        "fields": {
            "name": "hyena",
            "slug": "hyena"
        },
        "model": "magic.subtype",
        "pk": 110
    },
    {
        "fields": {
            "name": "illusion",
            "slug": "illusion"
        },
        "model": "magic.subtype",
        "pk": 111
    },
    {
        "fields": {
            "name": "imp",
            "slug": "imp"
        },
        "model": "magic.subtype",
        "pk": 112
    },
    {
        "fields": {
            "name": "incarnation",
            "slug": "incarnation"
        },
        "model": "magic.subtype",
        "pk": 113
    },
    {
        "fields": {
            "name": "insect",
            "slug": "insect"
        },
        "model": "magic.subtype",
        "pk": 114
    },
    {
        "fields": {
            "name": "iquatana",
            "slug": "iquatana"
        },
        "model": "magic.subtype",
        "pk": 115
    },
    {
        "fields": {
            "name": "ir",
            "slug": "ir"
        },
        "model": "magic.subtype",
        "pk": 116
    },
    {
        "fields": {
            "name": "island",
            "slug": "island"
        },
        "model": "magic.subtype",
        "pk": 117
    },
    {
        "fields": {
            "name": "jace",
            "slug": "jace"
        },
        "model": "magic.subtype",
        "pk": 118
    },
    {
        "fields": {
            "name": "jellyfish",
            "slug": "jellyfish"
        },
        "model": "magic.subtype",
        "pk": 119
    },
    {
        "fields": {
            "name": "juggernaut",
            "slug": "juggernaut"
        },
        "model": "magic.subtype",
        "pk": 120
    },
    {
        "fields": {
            "name": "kaldheim",
            "slug": "kaldheim"
        },
        "model": "magic.subtype",
        "pk": 121
    },
    {
        "fields": {
            "name": "kamigawa",
            "slug": "kamigawa"
        },
        "model": "magic.subtype",
        "pk": 122
    },
    {
        "fields": {
            "name": "karsus",
            "slug": "karsus"
        },
        "model": "magic.subtype",
        "pk": 123
    },
    {
        "fields": {
            "name": "kavu",
            "slug": "kavu"
        },
        "model": "magic.subtype",
        "pk": 124
    },
    {
        "fields": {
            "name": "kirin",
            "slug": "kirin"
        },
        "model": "magic.subtype",
        "pk": 125
    },
    {
        "fields": {
            "name": "kithkin",
            "slug": "kithkin"
        },
        "model": "magic.subtype",
        "pk": 126
    },
    {
        "fields": {
            "name": "knight",
            "slug": "knight"
        },
        "model": "magic.subtype",
        "pk": 127
    },
    {
        "fields": {
            "name": "kobold",
            "slug": "kobold"
        },
        "model": "magic.subtype",
        "pk": 128
    },
    {
        "fields": {
            "name": "kor",
            "slug": "kor"
        },
        "model": "magic.subtype",
        "pk": 129
    },
    {
        "fields": {
            "name": "koth",
            "slug": "koth"
        },
        "model": "magic.subtype",
        "pk": 130
    },
    {
        "fields": {
            "name": "kraken",
            "slug": "kraken"
        },
        "model": "magic.subtype",
        "pk": 131
    },
    {
        "fields": {
            "name": "lair",
            "slug": "lair"
        },
        "model": "magic.subtype",
        "pk": 132
    },
    {
        "fields": {
            "name": "lammasu",
            "slug": "lammasu"
        },
        "model": "magic.subtype",
        "pk": 133
    },
    {
        "fields": {
            "name": "leech",
            "slug": "leech"
        },
        "model": "magic.subtype",
        "pk": 134
    },
    {
        "fields": {
            "name": "leviathan",
            "slug": "leviathan"
        },
        "model": "magic.subtype",
        "pk": 135
    },
    {
        "fields": {
            "name": "lhurgoyf",
            "slug": "lhurgoyf"
        },
        "model": "magic.subtype",
        "pk": 136
    },
    {
        "fields": {
            "name": "licid",
            "slug": "licid"
        },
        "model": "magic.subtype",
        "pk": 137
    },
    {
        "fields": {
            "name": "liliana",
            "slug": "liliana"
        },
        "model": "magic.subtype",
        "pk": 138
    },
    {
        "fields": {
            "name": "lizard",
            "slug": "lizard"
        },
        "model": "magic.subtype",
        "pk": 139
    },
    {
        "fields": {
            "name": "locus",
            "slug": "locus"
        },
        "model": "magic.subtype",
        "pk": 140
    },
    {
        "fields": {
            "name": "lorwyn",
            "slug": "lorwyn"
        },
        "model": "magic.subtype",
        "pk": 141
    },
    {
        "fields": {
            "name": "luvion",
            "slug": "luvion"
        },
        "model": "magic.subtype",
        "pk": 142
    },
    {
        "fields": {
            "name": "manticore",
            "slug": "manticore"
        },
        "model": "magic.subtype",
        "pk": 143
    },
    {
        "fields": {
            "name": "masticore",
            "slug": "masticore"
        },
        "model": "magic.subtype",
        "pk": 144
    },
    {
        "fields": {
            "name": "mercadia",
            "slug": "mercadia"
        },
        "model": "magic.subtype",
        "pk": 145
    },
    {
        "fields": {
            "name": "mercenary",
            "slug": "mercenary"
        },
        "model": "magic.subtype",
        "pk": 146
    },
    {
        "fields": {
            "name": "merfolk",
            "slug": "merfolk"
        },
        "model": "magic.subtype",
        "pk": 147
    },
    {
        "fields": {
            "name": "metathran",
            "slug": "metathran"
        },
        "model": "magic.subtype",
        "pk": 148
    },
    {
        "fields": {
            "name": "mine",
            "slug": "mine"
        },
        "model": "magic.subtype",
        "pk": 149
    },
    {
        "fields": {
            "name": "minion",
            "slug": "minion"
        },
        "model": "magic.subtype",
        "pk": 150
    },
    {
        "fields": {
            "name": "minotaur",
            "slug": "minotaur"
        },
        "model": "magic.subtype",
        "pk": 151
    },
    {
        "fields": {
            "name": "mirrodin",
            "slug": "mirrodin"
        },
        "model": "magic.subtype",
        "pk": 152
    },
    {
        "fields": {
            "name": "moag",
            "slug": "moag"
        },
        "model": "magic.subtype",
        "pk": 153
    },
    {
        "fields": {
            "name": "monger",
            "slug": "monger"
        },
        "model": "magic.subtype",
        "pk": 154
    },
    {
        "fields": {
            "name": "mongoose",
            "slug": "mongoose"
        },
        "model": "magic.subtype",
        "pk": 155
    },
    {
        "fields": {
            "name": "monk",
            "slug": "monk"
        },
        "model": "magic.subtype",
        "pk": 156
    },
    {
        "fields": {
            "name": "moonfolk",
            "slug": "moonfolk"
        },
        "model": "magic.subtype",
        "pk": 157
    },
    {
        "fields": {
            "name": "mountain",
            "slug": "mountain"
        },
        "model": "magic.subtype",
        "pk": 158
    },
    {
        "fields": {
            "name": "muraganda",
            "slug": "muraganda"
        },
        "model": "magic.subtype",
        "pk": 159
    },
    {
        "fields": {
            "name": "mutant",
            "slug": "mutant"
        },
        "model": "magic.subtype",
        "pk": 160
    },
    {
        "fields": {
            "name": "myr",
            "slug": "myr"
        },
        "model": "magic.subtype",
        "pk": 161
    },
    {
        "fields": {
            "name": "mystic",
            "slug": "mystic"
        },
        "model": "magic.subtype",
        "pk": 162
    },
    {
        "fields": {
            "name": "nautilus",
            "slug": "nautilus"
        },
        "model": "magic.subtype",
        "pk": 163
    },
    {
        "fields": {
            "name": "nephilim",
            "slug": "nephilim"
        },
        "model": "magic.subtype",
        "pk": 164
    },
    {
        "fields": {
            "name": "nightmare",
            "slug": "nightmare"
        },
        "model": "magic.subtype",
        "pk": 165
    },
    {
        "fields": {
            "name": "nightstalker",
            "slug": "nightstalker"
        },
        "model": "magic.subtype",
        "pk": 166
    },
    {
        "fields": {
            "name": "ninja",
            "slug": "ninja"
        },
        "model": "magic.subtype",
        "pk": 167
    },
    {
        "fields": {
            "name": "nissa",
            "slug": "nissa"
        },
        "model": "magic.subtype",
        "pk": 168
    },
    {
        "fields": {
            "name": "noggle",
            "slug": "noggle"
        },
        "model": "magic.subtype",
        "pk": 169
    },
    {
        "fields": {
            "name": "nomad",
            "slug": "nomad"
        },
        "model": "magic.subtype",
        "pk": 170
    },
    {
        "fields": {
            "name": "octopus",
            "slug": "octopus"
        },
        "model": "magic.subtype",
        "pk": 171
    },
    {
        "fields": {
            "name": "ogre",
            "slug": "ogre"
        },
        "model": "magic.subtype",
        "pk": 172
    },
    {
        "fields": {
            "name": "ooze",
            "slug": "ooze"
        },
        "model": "magic.subtype",
        "pk": 173
    },
    {
        "fields": {
            "name": "orb",
            "slug": "orb"
        },
        "model": "magic.subtype",
        "pk": 174
    },
    {
        "fields": {
            "name": "orc",
            "slug": "orc"
        },
        "model": "magic.subtype",
        "pk": 175
    },
    {
        "fields": {
            "name": "orgg",
            "slug": "orgg"
        },
        "model": "magic.subtype",
        "pk": 176
    },
    {
        "fields": {
            "name": "ouphe",
            "slug": "ouphe"
        },
        "model": "magic.subtype",
        "pk": 177
    },
    {
        "fields": {
            "name": "ox",
            "slug": "ox"
        },
        "model": "magic.subtype",
        "pk": 178
    },
    {
        "fields": {
            "name": "oyster",
            "slug": "oyster"
        },
        "model": "magic.subtype",
        "pk": 179
    },
    {
        "fields": {
            "name": "pegasus",
            "slug": "pegasus"
        },
        "model": "magic.subtype",
        "pk": 180
    },
    {
        "fields": {
            "name": "pentavite",
            "slug": "pentavite"
        },
        "model": "magic.subtype",
        "pk": 181
    },
    {
        "fields": {
            "name": "pest",
            "slug": "pest"
        },
        "model": "magic.subtype",
        "pk": 182
    },
    {
        "fields": {
            "name": "phelddagrif",
            "slug": "phelddagrif"
        },
        "model": "magic.subtype",
        "pk": 183
    },
    {
        "fields": {
            "name": "phoenix",
            "slug": "phoenix"
        },
        "model": "magic.subtype",
        "pk": 184
    },
    {
        "fields": {
            "name": "phyrexia",
            "slug": "phyrexia"
        },
        "model": "magic.subtype",
        "pk": 185
    },
    {
        "fields": {
            "name": "pincher",
            "slug": "pincher"
        },
        "model": "magic.subtype",
        "pk": 186
    },
    {
        "fields": {
            "name": "pirate",
            "slug": "pirate"
        },
        "model": "magic.subtype",
        "pk": 187
    },
    {
        "fields": {
            "name": "plains",
            "slug": "plains"
        },
        "model": "magic.subtype",
        "pk": 188
    },
    {
        "fields": {
            "name": "plant",
            "slug": "plant"
        },
        "model": "magic.subtype",
        "pk": 189
    },
    {
        "fields": {
            "name": "power-plant",
            "slug": "power-plant"
        },
        "model": "magic.subtype",
        "pk": 190
    },
    {
        "fields": {
            "name": "prism",
            "slug": "prism"
        },
        "model": "magic.subtype",
        "pk": 191
    },
    {
        "fields": {
            "name": "pyrulea",
            "slug": "pyrulea"
        },
        "model": "magic.subtype",
        "pk": 192
    },
    {
        "fields": {
            "name": "rabbit",
            "slug": "rabbit"
        },
        "model": "magic.subtype",
        "pk": 193
    },
    {
        "fields": {
            "name": "rabiah",
            "slug": "rabiah"
        },
        "model": "magic.subtype",
        "pk": 194
    },
    {
        "fields": {
            "name": "rat",
            "slug": "rat"
        },
        "model": "magic.subtype",
        "pk": 195
    },
    {
        "fields": {
            "name": "rath",
            "slug": "rath"
        },
        "model": "magic.subtype",
        "pk": 196
    },
    {
        "fields": {
            "name": "ravnica",
            "slug": "ravnica"
        },
        "model": "magic.subtype",
        "pk": 197
    },
    {
        "fields": {
            "name": "rebel",
            "slug": "rebel"
        },
        "model": "magic.subtype",
        "pk": 198
    },
    {
        "fields": {
            "name": "reflection",
            "slug": "reflection"
        },
        "model": "magic.subtype",
        "pk": 199
    },
    {
        "fields": {
            "name": "rhino",
            "slug": "rhino"
        },
        "model": "magic.subtype",
        "pk": 200
    },
    {
        "fields": {
            "name": "rigger",
            "slug": "rigger"
        },
        "model": "magic.subtype",
        "pk": 201
    },
    {
        "fields": {
            "name": "rogue",
            "slug": "rogue"
        },
        "model": "magic.subtype",
        "pk": 202
    },
    {
        "fields": {
            "name": "salamander",
            "slug": "salamander"
        },
        "model": "magic.subtype",
        "pk": 203
    },
    {
        "fields": {
            "name": "samurai",
            "slug": "samurai"
        },
        "model": "magic.subtype",
        "pk": 204
    },
    {
        "fields": {
            "name": "sand",
            "slug": "sand"
        },
        "model": "magic.subtype",
        "pk": 205
    },
    {
        "fields": {
            "name": "saproling",
            "slug": "saproling"
        },
        "model": "magic.subtype",
        "pk": 206
    },
    {
        "fields": {
            "name": "sarkhan",
            "slug": "sarkhan"
        },
        "model": "magic.subtype",
        "pk": 207
    },
    {
        "fields": {
            "name": "satyr",
            "slug": "satyr"
        },
        "model": "magic.subtype",
        "pk": 208
    },
    {
        "fields": {
            "name": "scarecrow",
            "slug": "scarecrow"
        },
        "model": "magic.subtype",
        "pk": 209
    },
    {
        "fields": {
            "name": "scorpion",
            "slug": "scorpion"
        },
        "model": "magic.subtype",
        "pk": 210
    },
    {
        "fields": {
            "name": "scout",
            "slug": "scout"
        },
        "model": "magic.subtype",
        "pk": 211
    },
    {
        "fields": {
            "name": "segovia",
            "slug": "segovia"
        },
        "model": "magic.subtype",
        "pk": 212
    },
    {
        "fields": {
            "name": "serf",
            "slug": "serf"
        },
        "model": "magic.subtype",
        "pk": 213
    },
    {
        "fields": {
            "name": "serpent",
            "slug": "serpent"
        },
        "model": "magic.subtype",
        "pk": 214
    },
    {
        "fields": {
            "name": "serra's realm",
            "slug": "serras-realm"
        },
        "model": "magic.subtype",
        "pk": 215
    },
    {
        "fields": {
            "name": "shade",
            "slug": "shade"
        },
        "model": "magic.subtype",
        "pk": 216
    },
    {
        "fields": {
            "name": "shadowmoor",
            "slug": "shadowmoor"
        },
        "model": "magic.subtype",
        "pk": 217
    },
    {
        "fields": {
            "name": "shaman",
            "slug": "shaman"
        },
        "model": "magic.subtype",
        "pk": 218
    },
    {
        "fields": {
            "name": "shandalar",
            "slug": "shandalar"
        },
        "model": "magic.subtype",
        "pk": 219
    },
    {
        "fields": {
            "name": "shapeshifter",
            "slug": "shapeshifter"
        },
        "model": "magic.subtype",
        "pk": 220
    },
    {
        "fields": {
            "name": "sheep",
            "slug": "sheep"
        },
        "model": "magic.subtype",
        "pk": 221
    },
    {
        "fields": {
            "name": "shrine",
            "slug": "shrine"
        },
        "model": "magic.subtype",
        "pk": 222
    },
    {
        "fields": {
            "name": "siren",
            "slug": "siren"
        },
        "model": "magic.subtype",
        "pk": 223
    },
    {
        "fields": {
            "name": "skeleton",
            "slug": "skeleton"
        },
        "model": "magic.subtype",
        "pk": 224
    },
    {
        "fields": {
            "name": "slith",
            "slug": "slith"
        },
        "model": "magic.subtype",
        "pk": 225
    },
    {
        "fields": {
            "name": "sliver",
            "slug": "sliver"
        },
        "model": "magic.subtype",
        "pk": 226
    },
    {
        "fields": {
            "name": "slug",
            "slug": "slug"
        },
        "model": "magic.subtype",
        "pk": 227
    },
    {
        "fields": {
            "name": "snake",
            "slug": "snake"
        },
        "model": "magic.subtype",
        "pk": 228
    },
    {
        "fields": {
            "name": "soldier",
            "slug": "soldier"
        },
        "model": "magic.subtype",
        "pk": 229
    },
    {
        "fields": {
            "name": "soltari",
            "slug": "soltari"
        },
        "model": "magic.subtype",
        "pk": 230
    },
    {
        "fields": {
            "name": "sorin",
            "slug": "sorin"
        },
        "model": "magic.subtype",
        "pk": 231
    },
    {
        "fields": {
            "name": "spawn",
            "slug": "spawn"
        },
        "model": "magic.subtype",
        "pk": 232
    },
    {
        "fields": {
            "name": "specter",
            "slug": "specter"
        },
        "model": "magic.subtype",
        "pk": 233
    },
    {
        "fields": {
            "name": "spellshaper",
            "slug": "spellshaper"
        },
        "model": "magic.subtype",
        "pk": 234
    },
    {
        "fields": {
            "name": "sphinx",
            "slug": "sphinx"
        },
        "model": "magic.subtype",
        "pk": 235
    },
    {
        "fields": {
            "name": "spider",
            "slug": "spider"
        },
        "model": "magic.subtype",
        "pk": 236
    },
    {
        "fields": {
            "name": "spike",
            "slug": "spike"
        },
        "model": "magic.subtype",
        "pk": 237
    },
    {
        "fields": {
            "name": "spirit",
            "slug": "spirit"
        },
        "model": "magic.subtype",
        "pk": 238
    },
    {
        "fields": {
            "name": "splinter",
            "slug": "splinter"
        },
        "model": "magic.subtype",
        "pk": 239
    },
    {
        "fields": {
            "name": "sponge",
            "slug": "sponge"
        },
        "model": "magic.subtype",
        "pk": 240
    },
    {
        "fields": {
            "name": "squid",
            "slug": "squid"
        },
        "model": "magic.subtype",
        "pk": 241
    },
    {
        "fields": {
            "name": "squirrel",
            "slug": "squirrel"
        },
        "model": "magic.subtype",
        "pk": 242
    },
    {
        "fields": {
            "name": "starfish",
            "slug": "starfish"
        },
        "model": "magic.subtype",
        "pk": 243
    },
    {
        "fields": {
            "name": "surrakar",
            "slug": "surrakar"
        },
        "model": "magic.subtype",
        "pk": 244
    },
    {
        "fields": {
            "name": "survivor",
            "slug": "survivor"
        },
        "model": "magic.subtype",
        "pk": 245
    },
    {
        "fields": {
            "name": "swamp",
            "slug": "swamp"
        },
        "model": "magic.subtype",
        "pk": 246
    },
    {
        "fields": {
            "name": "tetravite",
            "slug": "tetravite"
        },
        "model": "magic.subtype",
        "pk": 247
    },
    {
        "fields": {
            "name": "tezzeret",
            "slug": "tezzeret"
        },
        "model": "magic.subtype",
        "pk": 248
    },
    {
        "fields": {
            "name": "thalakos",
            "slug": "thalakos"
        },
        "model": "magic.subtype",
        "pk": 249
    },
    {
        "fields": {
            "name": "thopter",
            "slug": "thopter"
        },
        "model": "magic.subtype",
        "pk": 250
    },
    {
        "fields": {
            "name": "thrull",
            "slug": "thrull"
        },
        "model": "magic.subtype",
        "pk": 251
    },
    {
        "fields": {
            "name": "tower",
            "slug": "tower"
        },
        "model": "magic.subtype",
        "pk": 252
    },
    {
        "fields": {
            "name": "trap",
            "slug": "trap"
        },
        "model": "magic.subtype",
        "pk": 253
    },
    {
        "fields": {
            "name": "treefolk",
            "slug": "treefolk"
        },
        "model": "magic.subtype",
        "pk": 254
    },
    {
        "fields": {
            "name": "triskelavite",
            "slug": "triskelavite"
        },
        "model": "magic.subtype",
        "pk": 255
    },
    {
        "fields": {
            "name": "troll",
            "slug": "troll"
        },
        "model": "magic.subtype",
        "pk": 256
    },
    {
        "fields": {
            "name": "turtle",
            "slug": "turtle"
        },
        "model": "magic.subtype",
        "pk": 257
    },
    {
        "fields": {
            "name": "ulgrotha",
            "slug": "ulgrotha"
        },
        "model": "magic.subtype",
        "pk": 258
    },
    {
        "fields": {
            "name": "unicorn",
            "slug": "unicorn"
        },
        "model": "magic.subtype",
        "pk": 259
    },
    {
        "fields": {
            "name": "urza's",
            "slug": "urzas"
        },
        "model": "magic.subtype",
        "pk": 260
    },
    {
        "fields": {
            "name": "valla",
            "slug": "valla"
        },
        "model": "magic.subtype",
        "pk": 261
    },
    {
        "fields": {
            "name": "vampire",
            "slug": "vampire"
        },
        "model": "magic.subtype",
        "pk": 262
    },
    {
        "fields": {
            "name": "vedalken",
            "slug": "vedalken"
        },
        "model": "magic.subtype",
        "pk": 263
    },
    {
        "fields": {
            "name": "venser",
            "slug": "venser"
        },
        "model": "magic.subtype",
        "pk": 264
    },
    {
        "fields": {
            "name": "viashino",
            "slug": "viashino"
        },
        "model": "magic.subtype",
        "pk": 265
    },
    {
        "fields": {
            "name": "volver",
            "slug": "volver"
        },
        "model": "magic.subtype",
        "pk": 266
    },
    {
        "fields": {
            "name": "wall",
            "slug": "wall"
        },
        "model": "magic.subtype",
        "pk": 267
    },
    {
        "fields": {
            "name": "warrior",
            "slug": "warrior"
        },
        "model": "magic.subtype",
        "pk": 268
    },
    {
        "fields": {
            "name": "weird",
            "slug": "weird"
        },
        "model": "magic.subtype",
        "pk": 269
    },
    {
        "fields": {
            "name": "whale",
            "slug": "whale"
        },
        "model": "magic.subtype",
        "pk": 270
    },
    {
        "fields": {
            "name": "wildfire",
            "slug": "wildfire"
        },
        "model": "magic.subtype",
        "pk": 271
    },
    {
        "fields": {
            "name": "wizard",
            "slug": "wizard"
        },
        "model": "magic.subtype",
        "pk": 272
    },
    {
        "fields": {
            "name": "wolf",
            "slug": "wolf"
        },
        "model": "magic.subtype",
        "pk": 273
    },
    {
        "fields": {
            "name": "wolverine",
            "slug": "wolverine"
        },
        "model": "magic.subtype",
        "pk": 274
    },
    {
        "fields": {
            "name": "wombat",
            "slug": "wombat"
        },
        "model": "magic.subtype",
        "pk": 275
    },
    {
        "fields": {
            "name": "worm",
            "slug": "worm"
        },
        "model": "magic.subtype",
        "pk": 276
    },
    {
        "fields": {
            "name": "wraith",
            "slug": "wraith"
        },
        "model": "magic.subtype",
        "pk": 277
    },
    {
        "fields": {
            "name": "wurm",
            "slug": "wurm"
        },
        "model": "magic.subtype",
        "pk": 278
    },
    {
        "fields": {
            "name": "yeti",
            "slug": "yeti"
        },
        "model": "magic.subtype",
        "pk": 279
    },
    {
        "fields": {
            "name": "zendikar",
            "slug": "zendikar"
        },
        "model": "magic.subtype",
        "pk": 280
    },
    {
        "fields": {
            "name": "zombie",
            "slug": "zombie"
        },
        "model": "magic.subtype",
        "pk": 281
    },
    {
        "fields": {
            "name": "zubera",
            "slug": "zubera"
        },
        "model": "magic.subtype",
        "pk": 282
    },
    {
        "fields": {
            "name": "alara reborn",
            "slug": "arb"
        },
        "model": "magic.set",
        "pk": 1
    },
    {
        "fields": {
            "name": "alliances",
            "slug": "al"
        },
        "model": "magic.set",
        "pk": 2
    },
    {
        "fields": {
            "name": "antiquities",
            "slug": "aq"
        },
        "model": "magic.set",
        "pk": 3
    },
    {
        "fields": {
            "name": "apocalypse",
            "slug": "ap"
        },
        "model": "magic.set",
        "pk": 4
    },
    {
        "fields": {
            "name": "arabian nights",
            "slug": "an"
        },
        "model": "magic.set",
        "pk": 5
    },
    {
        "fields": {
            "name": "archenemy",
            "slug": "arc"
        },
        "model": "magic.set",
        "pk": 6
    },
    {
        "fields": {
            "name": "battle royale box set",
            "slug": "br"
        },
        "model": "magic.set",
        "pk": 7
    },
    {
        "fields": {
            "name": "beatdown box set",
            "slug": "bd"
        },
        "model": "magic.set",
        "pk": 8
    },
    {
        "fields": {
            "name": "betrayers of kamigawa",
            "slug": "bok"
        },
        "model": "magic.set",
        "pk": 9
    },
    {
        "fields": {
            "name": "champions of kamigawa",
            "slug": "chk"
        },
        "model": "magic.set",
        "pk": 10
    },
    {
        "fields": {
            "name": "chronicles",
            "slug": "ch"
        },
        "model": "magic.set",
        "pk": 11
    },
    {
        "fields": {
            "name": "classic sixth edition",
            "slug": "6e"
        },
        "model": "magic.set",
        "pk": 12
    },
    {
        "fields": {
            "name": "coldsnap",
            "slug": "csp"
        },
        "model": "magic.set",
        "pk": 13
    },
    {
        "fields": {
            "name": "conflux",
            "slug": "con"
        },
        "model": "magic.set",
        "pk": 14
    },
    {
        "fields": {
            "name": "darksteel",
            "slug": "dst"
        },
        "model": "magic.set",
        "pk": 15
    },
    {
        "fields": {
            "name": "dissension",
            "slug": "dis"
        },
        "model": "magic.set",
        "pk": 16
    },
    {
        "fields": {
            "name": "duel decks: divine vs. demonic",
            "slug": "ddc"
        },
        "model": "magic.set",
        "pk": 17
    },
    {
        "fields": {
            "name": "duel decks: elspeth vs. tezzeret",
            "slug": "ddf"
        },
        "model": "magic.set",
        "pk": 18
    },
    {
        "fields": {
            "name": "duel decks: elves vs. goblins",
            "slug": "evg"
        },
        "model": "magic.set",
        "pk": 19
    },
    {
        "fields": {
            "name": "duel decks: garruk vs. liliana",
            "slug": "ddd"
        },
        "model": "magic.set",
        "pk": 20
    },
    {
        "fields": {
            "name": "duel decks: jace vs. chandra",
            "slug": "dd2"
        },
        "model": "magic.set",
        "pk": 21
    },
    {
        "fields": {
            "name": "duel decks: phyrexia vs. the coalition",
            "slug": "dde"
        },
        "model": "magic.set",
        "pk": 22
    },
    {
        "fields": {
            "name": "eighth edition",
            "slug": "8ed"
        },
        "model": "magic.set",
        "pk": 23
    },
    {
        "fields": {
            "name": "eventide",
            "slug": "eve"
        },
        "model": "magic.set",
        "pk": 24
    },
    {
        "fields": {
            "name": "exodus",
            "slug": "ex"
        },
        "model": "magic.set",
        "pk": 25
    },
    {
        "fields": {
            "name": "fallen empires",
            "slug": "fe"
        },
        "model": "magic.set",
        "pk": 26
    },
    {
        "fields": {
            "name": "fifth dawn",
            "slug": "5dn"
        },
        "model": "magic.set",
        "pk": 27
    },
    {
        "fields": {
            "name": "fifth edition",
            "slug": "5e"
        },
        "model": "magic.set",
        "pk": 28
    },
    {
        "fields": {
            "name": "fourth edition",
            "slug": "4e"
        },
        "model": "magic.set",
        "pk": 29
    },
    {
        "fields": {
            "name": "from the vault: dragons",
            "slug": "drb"
        },
        "model": "magic.set",
        "pk": 30
    },
    {
        "fields": {
            "name": "from the vault: exiled",
            "slug": "v09"
        },
        "model": "magic.set",
        "pk": 31
    },
    {
        "fields": {
            "name": "from the vault: relics",
            "slug": "v10"
        },
        "model": "magic.set",
        "pk": 32
    },
    {
        "fields": {
            "name": "future sight",
            "slug": "fut"
        },
        "model": "magic.set",
        "pk": 33
    },
    {
        "fields": {
            "name": "guildpact",
            "slug": "gpt"
        },
        "model": "magic.set",
        "pk": 34
    },
    {
        "fields": {
            "name": "homelands",
            "slug": "hm"
        },
        "model": "magic.set",
        "pk": 35
    },
    {
        "fields": {
            "name": "ice age",
            "slug": "ia"
        },
        "model": "magic.set",
        "pk": 36
    },
    {
        "fields": {
            "name": "invasion",
            "slug": "in"
        },
        "model": "magic.set",
        "pk": 37
    },
    {
        "fields": {
            "name": "judgment",
            "slug": "jud"
        },
        "model": "magic.set",
        "pk": 38
    },
    {
        "fields": {
            "name": "legends",
            "slug": "le"
        },
        "model": "magic.set",
        "pk": 39
    },
    {
        "fields": {
            "name": "legions",
            "slug": "lgn"
        },
        "model": "magic.set",
        "pk": 40
    },
    {
        "fields": {
            "name": "limited edition alpha",
            "slug": "1e"
        },
        "model": "magic.set",
        "pk": 41
    },
    {
        "fields": {
            "name": "limited edition beta",
            "slug": "2e"
        },
        "model": "magic.set",
        "pk": 42
    },
    {
        "fields": {
            "name": "lorwyn",
            "slug": "lrw"
        },
        "model": "magic.set",
        "pk": 43
    },
    {
        "fields": {
            "name": "magic 2010",
            "slug": "m10"
        },
        "model": "magic.set",
        "pk": 44
    },
    {
        "fields": {
            "name": "magic 2011",
            "slug": "m11"
        },
        "model": "magic.set",
        "pk": 45
    },
    {
        "fields": {
            "name": "masters edition",
            "slug": "med"
        },
        "model": "magic.set",
        "pk": 46
    },
    {
        "fields": {
            "name": "masters edition ii",
            "slug": "me2"
        },
        "model": "magic.set",
        "pk": 47
    },
    {
        "fields": {
            "name": "masters edition iii",
            "slug": "me3"
        },
        "model": "magic.set",
        "pk": 48
    },
    {
        "fields": {
            "name": "masters edition iv",
            "slug": "me4"
        },
        "model": "magic.set",
        "pk": 49
    },
    {
        "fields": {
            "name": "mercadian masques",
            "slug": "mm"
        },
        "model": "magic.set",
        "pk": 50
    },
    {
        "fields": {
            "name": "mirage",
            "slug": "mi"
        },
        "model": "magic.set",
        "pk": 51
    },
    {
        "fields": {
            "name": "mirrodin",
            "slug": "mrd"
        },
        "model": "magic.set",
        "pk": 52
    },
    {
        "fields": {
            "name": "mirrodin besieged",
            "slug": "mbs"
        },
        "model": "magic.set",
        "pk": 53
    },
    {
        "fields": {
            "name": "morningtide",
            "slug": "mor"
        },
        "model": "magic.set",
        "pk": 54
    },
    {
        "fields": {
            "name": "nemesis",
            "slug": "ne"
        },
        "model": "magic.set",
        "pk": 55
    },
    {
        "fields": {
            "name": "ninth edition",
            "slug": "9ed"
        },
        "model": "magic.set",
        "pk": 56
    },
    {
        "fields": {
            "name": "odyssey",
            "slug": "od"
        },
        "model": "magic.set",
        "pk": 57
    },
    {
        "fields": {
            "name": "onslaught",
            "slug": "ons"
        },
        "model": "magic.set",
        "pk": 58
    },
    {
        "fields": {
            "name": "planar chaos",
            "slug": "plc"
        },
        "model": "magic.set",
        "pk": 59
    },
    {
        "fields": {
            "name": "planechase",
            "slug": "hop"
        },
        "model": "magic.set",
        "pk": 60
    },
    {
        "fields": {
            "name": "planeshift",
            "slug": "ps"
        },
        "model": "magic.set",
        "pk": 61
    },
    {
        "fields": {
            "name": "portal",
            "slug": "po"
        },
        "model": "magic.set",
        "pk": 62
    },
    {
        "fields": {
            "name": "portal second age",
            "slug": "p2"
        },
        "model": "magic.set",
        "pk": 63
    },
    {
        "fields": {
            "name": "portal three kingdoms",
            "slug": "pk"
        },
        "model": "magic.set",
        "pk": 64
    },
    {
        "fields": {
            "name": "premium deck series: fire and lightning",
            "slug": "pd2"
        },
        "model": "magic.set",
        "pk": 65
    },
    {
        "fields": {
            "name": "premium deck series: slivers",
            "slug": "h09"
        },
        "model": "magic.set",
        "pk": 66
    },
    {
        "fields": {
            "name": "promo set for gatherer",
            "slug": "ppr"
        },
        "model": "magic.set",
        "pk": 67
    },
    {
        "fields": {
            "name": "prophecy",
            "slug": "pr"
        },
        "model": "magic.set",
        "pk": 68
    },
    {
        "fields": {
            "name": "ravnica: city of guilds",
            "slug": "rav"
        },
        "model": "magic.set",
        "pk": 69
    },
    {
        "fields": {
            "name": "revised edition",
            "slug": "3e"
        },
        "model": "magic.set",
        "pk": 70
    },
    {
        "fields": {
            "name": "rise of the eldrazi",
            "slug": "roe"
        },
        "model": "magic.set",
        "pk": 71
    },
    {
        "fields": {
            "name": "saviors of kamigawa",
            "slug": "sok"
        },
        "model": "magic.set",
        "pk": 72
    },
    {
        "fields": {
            "name": "scars of mirrodin",
            "slug": "som"
        },
        "model": "magic.set",
        "pk": 73
    },
    {
        "fields": {
            "name": "scourge",
            "slug": "scg"
        },
        "model": "magic.set",
        "pk": 74
    },
    {
        "fields": {
            "name": "seventh edition",
            "slug": "7e"
        },
        "model": "magic.set",
        "pk": 75
    },
    {
        "fields": {
            "name": "shadowmoor",
            "slug": "shm"
        },
        "model": "magic.set",
        "pk": 76
    },
    {
        "fields": {
            "name": "shards of alara",
            "slug": "ala"
        },
        "model": "magic.set",
        "pk": 77
    },
    {
        "fields": {
            "name": "starter 1999",
            "slug": "p3"
        },
        "model": "magic.set",
        "pk": 78
    },
    {
        "fields": {
            "name": "starter 2000",
            "slug": "p4"
        },
        "model": "magic.set",
        "pk": 79
    },
    {
        "fields": {
            "name": "stronghold",
            "slug": "st"
        },
        "model": "magic.set",
        "pk": 80
    },
    {
        "fields": {
            "name": "tempest",
            "slug": "te"
        },
        "model": "magic.set",
        "pk": 81
    },
    {
        "fields": {
            "name": "tenth edition",
            "slug": "10e"
        },
        "model": "magic.set",
        "pk": 82
    },
    {
        "fields": {
            "name": "the dark",
            "slug": "dk"
        },
        "model": "magic.set",
        "pk": 83
    },
    {
        "fields": {
            "name": "time spiral",
            "slug": "tsp"
        },
        "model": "magic.set",
        "pk": 84
    },
    {
        "fields": {
            "name": "time spiral \"timeshifted\"",
            "slug": "tsb"
        },
        "model": "magic.set",
        "pk": 85
    },
    {
        "fields": {
            "name": "torment",
            "slug": "tor"
        },
        "model": "magic.set",
        "pk": 86
    },
    {
        "fields": {
            "name": "unglued",
            "slug": "ug"
        },
        "model": "magic.set",
        "pk": 87
    },
    {
        "fields": {
            "name": "unhinged",
            "slug": "unh"
        },
        "model": "magic.set",
        "pk": 88
    },
    {
        "fields": {
            "name": "unlimited edition",
            "slug": "2u"
        },
        "model": "magic.set",
        "pk": 89
    },
    {
        "fields": {
            "name": "urza's destiny",
            "slug": "cg"
        },
        "model": "magic.set",
        "pk": 90
    },
    {
        "fields": {
            "name": "urza's legacy",
            "slug": "gu"
        },
        "model": "magic.set",
        "pk": 91
    },
    {
        "fields": {
            "name": "urza's saga",
            "slug": "uz"
        },
        "model": "magic.set",
        "pk": 92
    },
    {
        "fields": {
            "name": "vanguard",
            "slug": "van"
        },
        "model": "magic.set",
        "pk": 93
    },
    {
        "fields": {
            "name": "visions",
            "slug": "vi"
        },
        "model": "magic.set",
        "pk": 94
    },
    {
        "fields": {
            "name": "weatherlight",
            "slug": "wl"
        },
        "model": "magic.set",
        "pk": 95
    },
    {
        "fields": {
            "name": "worldwake",
            "slug": "wwk"
        },
        "model": "magic.set",
        "pk": 96
    },
    {
        "fields": {
            "name": "zendikar",
            "slug": "zen"
        },
        "model": "magic.set",
        "pk": 97
    },
    {
        "fields": {
            "name": "land",
            "slug": "l"
        },
        "model": "magic.rarity",
        "pk": 1
    },
    {
        "fields": {
            "name": "common",
            "slug": "c"
        },
        "model": "magic.rarity",
        "pk": 2
    },
    {
        "fields": {
            "name": "uncommon",
            "slug": "u"
        },
        "model": "magic.rarity",
        "pk": 3
    },
    {
        "fields": {
            "name": "rare",
            "slug": "r"
        },
        "model": "magic.rarity",
        "pk": 4
    },
    {
        "fields": {
            "name": "mythic rare",
            "slug": "m"
        },
        "model": "magic.rarity",
        "pk": 5
    },
    {
        "fields": {
            "name": "special",
            "slug": "s"
        },
        "model": "magic.rarity",
        "pk": 6
    },
    {
        "fields": {
            "name": "promo",
            "slug": "p"
        },
        "model": "magic.rarity",
        "pk": 7
    },
    {
        "fields": {
            "name": "white",
            "slug": "w"
        },
        "model": "magic.color",
        "pk": 1
    },
    {
        "fields": {
            "name": "blue",
            "slug": "u"
        },
        "model": "magic.color",
        "pk": 2
    },
    {
        "fields": {
            "name": "black",
            "slug": "b"
        },
        "model": "magic.color",
        "pk": 3
    },
    {
        "fields": {
            "name": "red",
            "slug": "r"
        },
        "model": "magic.color",
        "pk": 4
    },
    {
        "fields": {
            "name": "green",
            "slug": "g"
        },
        "model": "magic.color",
        "pk": 5
    },
    {
        "fields": {
            "name": "ice age",
            "sets": [
                2,
                13,
                36
            ],
            "slug": "ice-age"
        },
        "model": "magic.block",
        "pk": 17
    },
    {
        "fields": {
            "name": "invasion",
            "sets": [
                4,
                37,
                61
            ],
            "slug": "invasion"
        },
        "model": "magic.block",
        "pk": 12
    },
    {
        "fields": {
            "name": "kamigawa",
            "sets": [
                9,
                10,
                72
            ],
            "slug": "kamigawa"
        },
        "model": "magic.block",
        "pk": 8
    },
    {
        "fields": {
            "name": "lorwyn",
            "sets": [
                43,
                54
            ],
            "slug": "lorwyn"
        },
        "model": "magic.block",
        "pk": 5
    },
    {
        "fields": {
            "name": "masques",
            "sets": [
                50,
                55,
                68
            ],
            "slug": "masques"
        },
        "model": "magic.block",
        "pk": 13
    },
    {
        "fields": {
            "name": "mirage",
            "sets": [
                51,
                94,
                95
            ],
            "slug": "mirage"
        },
        "model": "magic.block",
        "pk": 16
    },
    {
        "fields": {
            "name": "mirrodin",
            "sets": [
                15,
                27,
                52
            ],
            "slug": "mirrodin"
        },
        "model": "magic.block",
        "pk": 9
    },
    {
        "fields": {
            "name": "odyssey",
            "sets": [
                38,
                57,
                86
            ],
            "slug": "odyssey"
        },
        "model": "magic.block",
        "pk": 11
    },
    {
        "fields": {
            "name": "onslaught",
            "sets": [
                40,
                58,
                74
            ],
            "slug": "onslaught"
        },
        "model": "magic.block",
        "pk": 10
    },
    {
        "fields": {
            "name": "ravnica",
            "sets": [
                16,
                34,
                69
            ],
            "slug": "ravnica"
        },
        "model": "magic.block",
        "pk": 7
    },
    {
        "fields": {
            "name": "scars of mirrodin",
            "sets": [
                53,
                73
            ],
            "slug": "scars-of-mirrodin"
        },
        "model": "magic.block",
        "pk": 1
    },
    {
        "fields": {
            "name": "shadowmoor",
            "sets": [
                24,
                76
            ],
            "slug": "shadowmoor"
        },
        "model": "magic.block",
        "pk": 4
    },
    {
        "fields": {
            "name": "shards of alara",
            "sets": [
                1,
                14,
                77
            ],
            "slug": "shards-of-alara"
        },
        "model": "magic.block",
        "pk": 3
    },
    {
        "fields": {
            "name": "tempest",
            "sets": [
                25,
                80,
                81
            ],
            "slug": "tempest"
        },
        "model": "magic.block",
        "pk": 15
    },
    {
        "fields": {
            "name": "time spiral",
            "sets": [
                33,
                59,
                84,
                85
            ],
            "slug": "time-spiral"
        },
        "model": "magic.block",
        "pk": 6
    },
    {
        "fields": {
            "name": "urza",
            "sets": [
                90,
                91,
                92
            ],
            "slug": "urza"
        },
        "model": "magic.block",
        "pk": 14
    },
    {
        "fields": {
            "name": "zendikar",
            "sets": [
                71,
                96,
                97
            ],
            "slug": "zendikar"
        },
        "model": "magic.block",
        "pk": 2
    },
    {
        "fields": {
            "name": "extended",
            "sets": [
                1,
                14,
                24,
                43,
                44,
                45,
                53,
                54,
                71,
                73,
                76,
                77,
                96,
                97
            ],
            "slug": "extended"
        },
        "model": "magic.format",
        "pk": 2
    },
    {
        "fields": {
            "name": "ice age block",
            "sets": [
                2,
                13,
                36
            ],
            "slug": "ice-age-block"
        },
        "model": "magic.format",
        "pk": 5
    },
    {
        "fields": {
            "name": "invasion block",
            "sets": [
                4,
                37,
                61
            ],
            "slug": "invasion-block"
        },
        "model": "magic.format",
        "pk": 10
    },
    {
        "fields": {
            "name": "kamigawa block",
            "sets": [
                9,
                10,
                72
            ],
            "slug": "kamigawa-block"
        },
        "model": "magic.format",
        "pk": 14
    },
    {
        "fields": {
            "name": "legacy",
            "sets": [
                1,
                2,
                3,
                4,
                5,
                6,
                7,
                8,
                9,
                10,
                11,
                12,
                13,
                14,
                15,
                16,
                17,
                18,
                19,
                20,
                21,
                22,
                23,
                24,
                25,
                26,
                27,
                28,
                29,
                30,
                31,
                32,
                33,
                34,
                35,
                36,
                37,
                38,
                39,
                40,
                41,
                42,
                43,
                44,
                45,
                46,
                47,
                48,
                49,
                50,
                51,
                52,
                53,
                54,
                55,
                56,
                57,
                58,
                59,
                60,
                61,
                62,
                63,
                64,
                65,
                66,
                67,
                68,
                69,
                70,
                71,
                72,
                73,
                74,
                75,
                76,
                77,
                78,
                79,
                80,
                81,
                82,
                83,
                84,
                85,
                86,
                89,
                90,
                91,
                92,
                93,
                94,
                95,
                96,
                97
            ],
            "slug": "legacy"
        },
        "model": "magic.format",
        "pk": 4
    },
    {
        "fields": {
            "name": "lorwyn-shadowmoor block",
            "sets": [
                24,
                43,
                54,
                76
            ],
            "slug": "lorwyn-shadowmoor-block"
        },
        "model": "magic.format",
        "pk": 17
    },
    {
        "fields": {
            "name": "masques block",
            "sets": [
                50,
                55,
                68
            ],
            "slug": "masques-block"
        },
        "model": "magic.format",
        "pk": 9
    },
    {
        "fields": {
            "name": "mirage block",
            "sets": [
                51,
                94,
                95
            ],
            "slug": "mirage-block"
        },
        "model": "magic.format",
        "pk": 6
    },
    {
        "fields": {
            "name": "mirrodin block",
            "sets": [
                15,
                27,
                52
            ],
            "slug": "mirrodin-block"
        },
        "model": "magic.format",
        "pk": 13
    },
    {
        "fields": {
            "name": "odyssey block",
            "sets": [
                38,
                57,
                86
            ],
            "slug": "odyssey-block"
        },
        "model": "magic.format",
        "pk": 11
    },
    {
        "fields": {
            "name": "onslaught block",
            "sets": [
                40,
                58,
                74
            ],
            "slug": "onslaught-block"
        },
        "model": "magic.format",
        "pk": 12
    },
    {
        "fields": {
            "name": "ravnica block",
            "sets": [
                16,
                34,
                69
            ],
            "slug": "ravnica-block"
        },
        "model": "magic.format",
        "pk": 15
    },
    {
        "fields": {
            "name": "scars of mirrodin block",
            "sets": [
                53,
                73
            ],
            "slug": "scars-of-mirrodin-block"
        },
        "model": "magic.format",
        "pk": 20
    },
    {
        "fields": {
            "name": "shards of alara block",
            "sets": [
                1,
                14,
                77
            ],
            "slug": "shards-of-alara-block"
        },
        "model": "magic.format",
        "pk": 18
    },
    {
        "fields": {
            "name": "standard",
            "sets": [
                45,
                53,
                71,
                73,
                96,
                97
            ],
            "slug": "standard"
        },
        "model": "magic.format",
        "pk": 1
    },
    {
        "fields": {
            "name": "tempest block",
            "sets": [
                80,
                81,
                95
            ],
            "slug": "tempest-block"
        },
        "model": "magic.format",
        "pk": 7
    },
    {
        "fields": {
            "name": "time spiral block",
            "sets": [
                33,
                59,
                84
            ],
            "slug": "time-spiral-block"
        },
        "model": "magic.format",
        "pk": 16
    },
    {
        "fields": {
            "name": "urza block",
            "sets": [
                90,
                91,
                92
            ],
            "slug": "urza-block"
        },
        "model": "magic.format",
        "pk": 8
    },
    {
        "fields": {
            "name": "vintage",
            "sets": [
                1,
                2,
                3,
                4,
                5,
                6,
                7,
                8,
                9,
                10,
                11,
                12,
                13,
                14,
                15,
                16,
                17,
                18,
                19,
                20,
                21,
                22,
                23,
                24,
                25,
                26,
                27,
                28,
                29,
                30,
                31,
                32,
                33,
                34,
                35,
                36,
                37,
                38,
                39,
                40,
                41,
                42,
                43,
                44,
                45,
                46,
                47,
                48,
                49,
                50,
                51,
                52,
                53,
                54,
                55,
                56,
                57,
                58,
                59,
                60,
                61,
                62,
                63,
                64,
                65,
                66,
                67,
                68,
                69,
                70,
                71,
                72,
                73,
                74,
                75,
                76,
                77,
                78,
                79,
                80,
                81,
                82,
                83,
                84,
                85,
                86,
                89,
                90,
                91,
                92,
                93,
                94,
                95,
                96,
                97
            ],
            "slug": "vintage"
        },
        "model": "magic.format",
        "pk": 3
    },
    {
        "fields": {
            "name": "zendikar block",
            "sets": [
                71,
                96,
                97
            ],
            "slug": "zendikar-block"
        },
        "model": "magic.format",
        "pk": 19
    },
    {
        "fields": {
            "card": 263,
            "format": 4,
            "status": "b"
        },
        "model": "magic.legality",
        "pk": 1
    },
    {
        "fields": {
            "card": 263,
            "format": 3,
            "status": "b"
        },
        "model": "magic.legality",
        "pk": 61
    },
    {
        "fields": {
            "card": 263,
            "format": 5,
            "status": "b"
        },
        "model": "magic.legality",
        "pk": 138
    },
    {
        "fields": {
            "card": 283,
            "format": 4,
            "status": "b"
        },
        "model": "magic.legality",
        "pk": 2
    },
    {
        "fields": {
            "card": 283,
            "format": 3,
            "status": "r"
        },
        "model": "magic.legality",
        "pk": 73
    },
    {
        "fields": {
            "card": 288,
            "format": 13,
            "status": "b"
        },
        "model": "magic.legality",
        "pk": 118
    },
    {
        "fields": {
            "card": 409,
            "format": 13,
            "status": "b"
        },
        "model": "magic.legality",
        "pk": 119
    },
    {
        "fields": {
            "card": 668,
            "format": 4,
            "status": "b"
        },
        "model": "magic.legality",
        "pk": 3
    },
    {
        "fields": {
            "card": 668,
            "format": 3,
            "status": "r"
        },
        "model": "magic.legality",
        "pk": 74
    },
    {
        "fields": {
            "card": 802,
            "format": 4,
            "status": "b"
        },
        "model": "magic.legality",
        "pk": 4
    },
    {
        "fields": {
            "card": 893,
            "format": 4,
            "status": "b"
        },
        "model": "magic.legality",
        "pk": 5
    },
    {
        "fields": {
            "card": 893,
            "format": 3,
            "status": "r"
        },
        "model": "magic.legality",
        "pk": 75
    },
    {
        "fields": {
            "card": 899,
            "format": 4,
            "status": "b"
        },
        "model": "magic.legality",
        "pk": 6
    },
    {
        "fields": {
            "card": 1165,
            "format": 3,
            "status": "r"
        },
        "model": "magic.legality",
        "pk": 76
    },
    {
        "fields": {
            "card": 1241,
            "format": 4,
            "status": "b"
        },
        "model": "magic.legality",
        "pk": 7
    },
    {
        "fields": {
            "card": 1241,
            "format": 3,
            "status": "b"
        },
        "model": "magic.legality",
        "pk": 62
    },
    {
        "fields": {
            "card": 1291,
            "format": 3,
            "status": "r"
        },
        "model": "magic.legality",
        "pk": 77
    },
    {
        "fields": {
            "card": 1566,
            "format": 4,
            "status": "b"
        },
        "model": "magic.legality",
        "pk": 8
    },
    {
        "fields": {
            "card": 1566,
            "format": 3,
            "status": "r"
        },
        "model": "magic.legality",
        "pk": 78
    },
    {
        "fields": {
            "card": 1575,
            "format": 4,
            "status": "b"
        },
        "model": "magic.legality",
        "pk": 9
    },
    {
        "fields": {
            "card": 1575,
            "format": 3,
            "status": "b"
        },
        "model": "magic.legality",
        "pk": 63
    },
    {
        "fields": {
            "card": 1881,
            "format": 4,
            "status": "b"
        },
        "model": "magic.legality",
        "pk": 10
    },
    {
        "fields": {
            "card": 1881,
            "format": 3,
            "status": "b"
        },
        "model": "magic.legality",
        "pk": 64
    },
    {
        "fields": {
            "card": 2116,
            "format": 7,
            "status": "b"
        },
        "model": "magic.legality",
        "pk": 136
    },
    {
        "fields": {
            "card": 2193,
            "format": 4,
            "status": "b"
        },
        "model": "magic.legality",
        "pk": 11
    },
    {
        "fields": {
            "card": 2193,
            "format": 3,
            "status": "b"
        },
        "model": "magic.legality",
        "pk": 65
    },
    {
        "fields": {
            "card": 2198,
            "format": 13,
            "status": "b"
        },
        "model": "magic.legality",
        "pk": 120
    },
    {
        "fields": {
            "card": 2393,
            "format": 4,
            "status": "b"
        },
        "model": "magic.legality",
        "pk": 12
    },
    {
        "fields": {
            "card": 2393,
            "format": 3,
            "status": "b"
        },
        "model": "magic.legality",
        "pk": 66
    },
    {
        "fields": {
            "card": 2395,
            "format": 4,
            "status": "b"
        },
        "model": "magic.legality",
        "pk": 13
    },
    {
        "fields": {
            "card": 2395,
            "format": 3,
            "status": "r"
        },
        "model": "magic.legality",
        "pk": 79
    },
    {
        "fields": {
            "card": 2399,
            "format": 4,
            "status": "b"
        },
        "model": "magic.legality",
        "pk": 14
    },
    {
        "fields": {
            "card": 2399,
            "format": 3,
            "status": "r"
        },
        "model": "magic.legality",
        "pk": 80
    },
    {
        "fields": {
            "card": 2511,
            "format": 13,
            "status": "b"
        },
        "model": "magic.legality",
        "pk": 121
    },
    {
        "fields": {
            "card": 2825,
            "format": 4,
            "status": "b"
        },
        "model": "magic.legality",
        "pk": 15
    },
    {
        "fields": {
            "card": 3238,
            "format": 3,
            "status": "r"
        },
        "model": "magic.legality",
        "pk": 81
    },
    {
        "fields": {
            "card": 3259,
            "format": 4,
            "status": "b"
        },
        "model": "magic.legality",
        "pk": 16
    },
    {
        "fields": {
            "card": 3259,
            "format": 3,
            "status": "b"
        },
        "model": "magic.legality",
        "pk": 67
    },
    {
        "fields": {
            "card": 3297,
            "format": 4,
            "status": "b"
        },
        "model": "magic.legality",
        "pk": 17
    },
    {
        "fields": {
            "card": 3297,
            "format": 3,
            "status": "r"
        },
        "model": "magic.legality",
        "pk": 82
    },
    {
        "fields": {
            "card": 3504,
            "format": 4,
            "status": "b"
        },
        "model": "magic.legality",
        "pk": 18
    },
    {
        "fields": {
            "card": 3504,
            "format": 3,
            "status": "r"
        },
        "model": "magic.legality",
        "pk": 83
    },
    {
        "fields": {
            "card": 3677,
            "format": 4,
            "status": "b"
        },
        "model": "magic.legality",
        "pk": 19
    },
    {
        "fields": {
            "card": 3766,
            "format": 8,
            "status": "b"
        },
        "model": "magic.legality",
        "pk": 129
    },
    {
        "fields": {
            "card": 3927,
            "format": 3,
            "status": "r"
        },
        "model": "magic.legality",
        "pk": 84
    },
    {
        "fields": {
            "card": 4095,
            "format": 4,
            "status": "b"
        },
        "model": "magic.legality",
        "pk": 20
    },
    {
        "fields": {
            "card": 4254,
            "format": 13,
            "status": "b"
        },
        "model": "magic.legality",
        "pk": 122
    },
    {
        "fields": {
            "card": 4368,
            "format": 4,
            "status": "b"
        },
        "model": "magic.legality",
        "pk": 21
    },
    {
        "fields": {
            "card": 4583,
            "format": 4,
            "status": "b"
        },
        "model": "magic.legality",
        "pk": 22
    },
    {
        "fields": {
            "card": 4866,
            "format": 4,
            "status": "b"
        },
        "model": "magic.legality",
        "pk": 23
    },
    {
        "fields": {
            "card": 4866,
            "format": 3,
            "status": "r"
        },
        "model": "magic.legality",
        "pk": 85
    },
    {
        "fields": {
            "card": 5120,
            "format": 4,
            "status": "b"
        },
        "model": "magic.legality",
        "pk": 24
    },
    {
        "fields": {
            "card": 5120,
            "format": 3,
            "status": "b"
        },
        "model": "magic.legality",
        "pk": 68
    },
    {
        "fields": {
            "card": 5578,
            "format": 4,
            "status": "b"
        },
        "model": "magic.legality",
        "pk": 25
    },
    {
        "fields": {
            "card": 5702,
            "format": 4,
            "status": "b"
        },
        "model": "magic.legality",
        "pk": 26
    },
    {
        "fields": {
            "card": 5702,
            "format": 3,
            "status": "r"
        },
        "model": "magic.legality",
        "pk": 86
    },
    {
        "fields": {
            "card": 5774,
            "format": 9,
            "status": "b"
        },
        "model": "magic.legality",
        "pk": 127
    },
    {
        "fields": {
            "card": 5781,
            "format": 3,
            "status": "r"
        },
        "model": "magic.legality",
        "pk": 87
    },
    {
        "fields": {
            "card": 5870,
            "format": 3,
            "status": "r"
        },
        "model": "magic.legality",
        "pk": 88
    },
    {
        "fields": {
            "card": 6027,
            "format": 4,
            "status": "b"
        },
        "model": "magic.legality",
        "pk": 27
    },
    {
        "fields": {
            "card": 6027,
            "format": 3,
            "status": "r"
        },
        "model": "magic.legality",
        "pk": 89
    },
    {
        "fields": {
            "card": 6029,
            "format": 4,
            "status": "b"
        },
        "model": "magic.legality",
        "pk": 28
    },
    {
        "fields": {
            "card": 6047,
            "format": 4,
            "status": "b"
        },
        "model": "magic.legality",
        "pk": 29
    },
    {
        "fields": {
            "card": 6047,
            "format": 3,
            "status": "r"
        },
        "model": "magic.legality",
        "pk": 90
    },
    {
        "fields": {
            "card": 6193,
            "format": 4,
            "status": "b"
        },
        "model": "magic.legality",
        "pk": 30
    },
    {
        "fields": {
            "card": 6193,
            "format": 3,
            "status": "r"
        },
        "model": "magic.legality",
        "pk": 91
    },
    {
        "fields": {
            "card": 6193,
            "format": 8,
            "status": "b"
        },
        "model": "magic.legality",
        "pk": 130
    },
    {
        "fields": {
            "card": 6213,
            "format": 3,
            "status": "r"
        },
        "model": "magic.legality",
        "pk": 92
    },
    {
        "fields": {
            "card": 6314,
            "format": 4,
            "status": "b"
        },
        "model": "magic.legality",
        "pk": 31
    },
    {
        "fields": {
            "card": 6326,
            "format": 4,
            "status": "b"
        },
        "model": "magic.legality",
        "pk": 32
    },
    {
        "fields": {
            "card": 6326,
            "format": 3,
            "status": "r"
        },
        "model": "magic.legality",
        "pk": 93
    },
    {
        "fields": {
            "card": 6402,
            "format": 4,
            "status": "b"
        },
        "model": "magic.legality",
        "pk": 33
    },
    {
        "fields": {
            "card": 6581,
            "format": 4,
            "status": "b"
        },
        "model": "magic.legality",
        "pk": 34
    },
    {
        "fields": {
            "card": 6581,
            "format": 3,
            "status": "r"
        },
        "model": "magic.legality",
        "pk": 94
    },
    {
        "fields": {
            "card": 6582,
            "format": 4,
            "status": "b"
        },
        "model": "magic.legality",
        "pk": 35
    },
    {
        "fields": {
            "card": 6582,
            "format": 3,
            "status": "r"
        },
        "model": "magic.legality",
        "pk": 95
    },
    {
        "fields": {
            "card": 6585,
            "format": 4,
            "status": "b"
        },
        "model": "magic.legality",
        "pk": 36
    },
    {
        "fields": {
            "card": 6585,
            "format": 3,
            "status": "r"
        },
        "model": "magic.legality",
        "pk": 96
    },
    {
        "fields": {
            "card": 6586,
            "format": 4,
            "status": "b"
        },
        "model": "magic.legality",
        "pk": 37
    },
    {
        "fields": {
            "card": 6586,
            "format": 3,
            "status": "r"
        },
        "model": "magic.legality",
        "pk": 97
    },
    {
        "fields": {
            "card": 6587,
            "format": 4,
            "status": "b"
        },
        "model": "magic.legality",
        "pk": 38
    },
    {
        "fields": {
            "card": 6587,
            "format": 3,
            "status": "r"
        },
        "model": "magic.legality",
        "pk": 98
    },
    {
        "fields": {
            "card": 6683,
            "format": 4,
            "status": "b"
        },
        "model": "magic.legality",
        "pk": 39
    },
    {
        "fields": {
            "card": 6683,
            "format": 3,
            "status": "r"
        },
        "model": "magic.legality",
        "pk": 99
    },
    {
        "fields": {
            "card": 6770,
            "format": 4,
            "status": "b"
        },
        "model": "magic.legality",
        "pk": 40
    },
    {
        "fields": {
            "card": 6770,
            "format": 3,
            "status": "r"
        },
        "model": "magic.legality",
        "pk": 100
    },
    {
        "fields": {
            "card": 6967,
            "format": 4,
            "status": "b"
        },
        "model": "magic.legality",
        "pk": 41
    },
    {
        "fields": {
            "card": 7559,
            "format": 3,
            "status": "r"
        },
        "model": "magic.legality",
        "pk": 101
    },
    {
        "fields": {
            "card": 8028,
            "format": 4,
            "status": "b"
        },
        "model": "magic.legality",
        "pk": 42
    },
    {
        "fields": {
            "card": 8028,
            "format": 3,
            "status": "b"
        },
        "model": "magic.legality",
        "pk": 69
    },
    {
        "fields": {
            "card": 8089,
            "format": 3,
            "status": "r"
        },
        "model": "magic.legality",
        "pk": 102
    },
    {
        "fields": {
            "card": 8307,
            "format": 9,
            "status": "b"
        },
        "model": "magic.legality",
        "pk": 128
    },
    {
        "fields": {
            "card": 8795,
            "format": 13,
            "status": "b"
        },
        "model": "magic.legality",
        "pk": 123
    },
    {
        "fields": {
            "card": 8904,
            "format": 8,
            "status": "b"
        },
        "model": "magic.legality",
        "pk": 131
    },
    {
        "fields": {
            "card": 8941,
            "format": 4,
            "status": "b"
        },
        "model": "magic.legality",
        "pk": 43
    },
    {
        "fields": {
            "card": 8941,
            "format": 3,
            "status": "b"
        },
        "model": "magic.legality",
        "pk": 70
    },
    {
        "fields": {
            "card": 9243,
            "format": 4,
            "status": "b"
        },
        "model": "magic.legality",
        "pk": 44
    },
    {
        "fields": {
            "card": 9243,
            "format": 13,
            "status": "b"
        },
        "model": "magic.legality",
        "pk": 126
    },
    {
        "fields": {
            "card": 9394,
            "format": 4,
            "status": "b"
        },
        "model": "magic.legality",
        "pk": 45
    },
    {
        "fields": {
            "card": 9394,
            "format": 3,
            "status": "r"
        },
        "model": "magic.legality",
        "pk": 103
    },
    {
        "fields": {
            "card": 9715,
            "format": 6,
            "status": "b"
        },
        "model": "magic.legality",
        "pk": 137
    },
    {
        "fields": {
            "card": 9926,
            "format": 4,
            "status": "b"
        },
        "model": "magic.legality",
        "pk": 46
    },
    {
        "fields": {
            "card": 9926,
            "format": 3,
            "status": "r"
        },
        "model": "magic.legality",
        "pk": 104
    },
    {
        "fields": {
            "card": 10058,
            "format": 4,
            "status": "b"
        },
        "model": "magic.legality",
        "pk": 47
    },
    {
        "fields": {
            "card": 10276,
            "format": 4,
            "status": "b"
        },
        "model": "magic.legality",
        "pk": 48
    },
    {
        "fields": {
            "card": 10276,
            "format": 3,
            "status": "b"
        },
        "model": "magic.legality",
        "pk": 71
    },
    {
        "fields": {
            "card": 10350,
            "format": 5,
            "status": "b"
        },
        "model": "magic.legality",
        "pk": 139
    },
    {
        "fields": {
            "card": 10393,
            "format": 3,
            "status": "r"
        },
        "model": "magic.legality",
        "pk": 105
    },
    {
        "fields": {
            "card": 10536,
            "format": 8,
            "status": "b"
        },
        "model": "magic.legality",
        "pk": 132
    },
    {
        "fields": {
            "card": 10539,
            "format": 4,
            "status": "b"
        },
        "model": "magic.legality",
        "pk": 49
    },
    {
        "fields": {
            "card": 10539,
            "format": 3,
            "status": "r"
        },
        "model": "magic.legality",
        "pk": 106
    },
    {
        "fields": {
            "card": 10540,
            "format": 4,
            "status": "b"
        },
        "model": "magic.legality",
        "pk": 50
    },
    {
        "fields": {
            "card": 10540,
            "format": 3,
            "status": "r"
        },
        "model": "magic.legality",
        "pk": 107
    },
    {
        "fields": {
            "card": 10545,
            "format": 4,
            "status": "b"
        },
        "model": "magic.legality",
        "pk": 51
    },
    {
        "fields": {
            "card": 10545,
            "format": 3,
            "status": "r"
        },
        "model": "magic.legality",
        "pk": 108
    },
    {
        "fields": {
            "card": 10547,
            "format": 4,
            "status": "b"
        },
        "model": "magic.legality",
        "pk": 52
    },
    {
        "fields": {
            "card": 10547,
            "format": 3,
            "status": "b"
        },
        "model": "magic.legality",
        "pk": 72
    },
    {
        "fields": {
            "card": 10553,
            "format": 4,
            "status": "b"
        },
        "model": "magic.legality",
        "pk": 53
    },
    {
        "fields": {
            "card": 10553,
            "format": 3,
            "status": "r"
        },
        "model": "magic.legality",
        "pk": 109
    },
    {
        "fields": {
            "card": 10578,
            "format": 4,
            "status": "b"
        },
        "model": "magic.legality",
        "pk": 54
    },
    {
        "fields": {
            "card": 10578,
            "format": 3,
            "status": "r"
        },
        "model": "magic.legality",
        "pk": 110
    },
    {
        "fields": {
            "card": 10578,
            "format": 8,
            "status": "b"
        },
        "model": "magic.legality",
        "pk": 133
    },
    {
        "fields": {
            "card": 10711,
            "format": 13,
            "status": "b"
        },
        "model": "magic.legality",
        "pk": 124
    },
    {
        "fields": {
            "card": 10750,
            "format": 3,
            "status": "r"
        },
        "model": "magic.legality",
        "pk": 111
    },
    {
        "fields": {
            "card": 10991,
            "format": 4,
            "status": "b"
        },
        "model": "magic.legality",
        "pk": 55
    },
    {
        "fields": {
            "card": 10991,
            "format": 3,
            "status": "r"
        },
        "model": "magic.legality",
        "pk": 112
    },
    {
        "fields": {
            "card": 11004,
            "format": 13,
            "status": "b"
        },
        "model": "magic.legality",
        "pk": 125
    },
    {
        "fields": {
            "card": 11256,
            "format": 8,
            "status": "b"
        },
        "model": "magic.legality",
        "pk": 134
    },
    {
        "fields": {
            "card": 11482,
            "format": 4,
            "status": "b"
        },
        "model": "magic.legality",
        "pk": 56
    },
    {
        "fields": {
            "card": 11482,
            "format": 3,
            "status": "r"
        },
        "model": "magic.legality",
        "pk": 113
    },
    {
        "fields": {
            "card": 11579,
            "format": 4,
            "status": "b"
        },
        "model": "magic.legality",
        "pk": 57
    },
    {
        "fields": {
            "card": 11579,
            "format": 3,
            "status": "r"
        },
        "model": "magic.legality",
        "pk": 114
    },
    {
        "fields": {
            "card": 11579,
            "format": 8,
            "status": "b"
        },
        "model": "magic.legality",
        "pk": 135
    },
    {
        "fields": {
            "card": 11696,
            "format": 4,
            "status": "b"
        },
        "model": "magic.legality",
        "pk": 58
    },
    {
        "fields": {
            "card": 11774,
            "format": 4,
            "status": "b"
        },
        "model": "magic.legality",
        "pk": 59
    },
    {
        "fields": {
            "card": 11774,
            "format": 3,
            "status": "r"
        },
        "model": "magic.legality",
        "pk": 115
    },
    {
        "fields": {
            "card": 11776,
            "format": 4,
            "status": "b"
        },
        "model": "magic.legality",
        "pk": 60
    },
    {
        "fields": {
            "card": 11776,
            "format": 3,
            "status": "r"
        },
        "model": "magic.legality",
        "pk": 116
    },
    {
        "fields": {
            "card": 11864,
            "format": 5,
            "status": "b"
        },
        "model": "magic.legality",
        "pk": 140
    },
    {
        "fields": {
            "card": 138,
            "format": 13,
            "status": "b"
        },
        "model": "magic.legality",
        "pk": 117
    }
]
